family	unit	store	v2ecoli_commit	parca_cache	fill_bundle	bundle_kind	ptools_tsv	viz	bytes	view_types	bundle_s3_uri	fill_jobs	sim_data_policy
run1	0	sim199-sim199-cd2-run1-k4-coupled-kla350-seed0-073d-20fe					0	0	0			cd2fill-run1-multigen-4of5,cd2fill-run1-multigen-4of5-v2,cd2fill-run1-multigen-801	per-seed cache (staged)
run1	1	sim199-sim199-cd2-run1-k4-coupled-kla350-seed1-6a85-1d6d					0	0	0			cd2fill-run1-multigen-4of5,cd2fill-run1-multigen-4of5-v2,cd2fill-run1-multigen-801	per-seed cache (staged)
run1	2	sim199-sim199-cd2-run1-k4-coupled-kla350-seed2-7ce6-072a					0	0	0			cd2fill-run1-multigen-4of5,cd2fill-run1-multigen-4of5-v2,cd2fill-run1-multigen-801	per-seed cache (staged)
run1	3	sim199-sim199-cd2-run1-k4-coupled-kla350-seed3-4f6a-d6da					0	0	0			cd2fill-run1-multigen-4of5,cd2fill-run1-multigen-4of5-v2,cd2fill-run1-multigen-801	per-seed cache (staged)
run1	4	sim199-sim199-cd2-run1-k4-coupled-kla350-seed4-7b09-4a3e					0	0	0			cd2fill-run1-multigen-4of5,cd2fill-run1-multigen-4of5-v2,cd2fill-run1-multigen-801	per-seed cache (staged)
run1	5	sim199-sim199-cd2-run1-k4-coupled-kla350-seed5-2771-f663					0	0	0			cd2fill-run1-multigen-4of5,cd2fill-run1-multigen-4of5-v2,cd2fill-run1-multigen-801	per-seed cache (staged)
run1	6	sim199-sim199-cd2-run1-k4-coupled-kla350-seed6-bd42-7878					0	0	0			cd2fill-run1-multigen-4of5,cd2fill-run1-multigen-4of5-v2,cd2fill-run1-multigen-801	per-seed cache (staged)
run1	7	sim199-sim199-cd2-run1-k4-coupled-kla350-seed7-6330-d2f3					0	0	0			cd2fill-run1-multigen-4of5,cd2fill-run1-multigen-4of5-v2,cd2fill-run1-multigen-801	per-seed cache (staged)
run1	8	sim199-sim199-cd2-run1-k4-coupled-kla350-seed8-bbe9-6c6b					0	0	0			cd2fill-run1-multigen-4of5,cd2fill-run1-multigen-4of5-v2,cd2fill-run1-multigen-801	per-seed cache (staged)
run1	9	sim199-sim199-cd2-run1-k4-coupled-kla350-seed9-00af-cd5e					0	0	0			cd2fill-run1-multigen-4of5,cd2fill-run1-multigen-4of5-v2,cd2fill-run1-multigen-801	per-seed cache (staged)
run2	sim201	sim201-cd2-run2-j3-refire3-parquet-96b27f38-10x10-dd03			analysis-multigeneration-run2j3	dedicated-fill	30	60	1257443235	ptools_proteins_multigeneration,ptools_rna_multigeneration,ptools_rxns_multigeneration	s3://smsvpctest-shared-sharedbucket60d199d6-abfvwv0day91/vecoli-output/sim201-cd2-run2-j3-refire3-parquet-96b27f38-10x10-dd03/analyses/analysis-multigeneration-run2j3/	cd2fill-run2-multiseed,cd2fill-run2-multiseed-806,cd2fill-run2j3-multigen-6of7,cd2fill-run2j3-multiseed-cd1	explicit: cand2_j3_lam075_simData.cPickle
run2	sim201	sim201-cd2-run2-j3-refire3-parquet-96b27f38-10x10-dd03			analysis-multiseed-run2j3	dedicated-fill	10	4	39984704	cd1_exchange_fluxes,cd1_fluxomics,cd1_higher_order_properties,cd1_metabolomics,cd1_proteomics,cd1_transcriptomics,ptools_metabolites_multiseed,ptools_proteins_multiseed,ptools_rna_multiseed,ptools_rxns_multiseed	s3://smsvpctest-shared-sharedbucket60d199d6-abfvwv0day91/vecoli-output/sim201-cd2-run2-j3-refire3-parquet-96b27f38-10x10-dd03/analyses/analysis-multiseed-run2j3/	cd2fill-run2-multiseed,cd2fill-run2-multiseed-806,cd2fill-run2j3-multigen-6of7,cd2fill-run2j3-multiseed-cd1	explicit: cand2_j3_lam075_simData.cPickle
run3	00	sim200-cd2-run3-sweep-combo00-25fc	96b27f385	ddc1a83	analysis-percell-run3	dedicated-fill	400	400	763352707	ptools_metabolites,ptools_overview,ptools_proteins,ptools_rna,ptools_rxns	s3://smsvpctest-shared-sharedbucket60d199d6-abfvwv0day91/vecoli-output/sim200-cd2-run3-sweep-combo00-25fc/analyses/analysis-percell-run3/	cd2fill-run3-multigen-801,cd2fill-run3-multiseed-806,cd2fill-run3-percell,cd2fill-run3-percell-fixed,cd2fill-run3-percell-v2	AUTO (run_identity.json)
run3	00	sim200-cd2-run3-sweep-combo00-25fc	96b27f385	ddc1a83	analysis-ptools-multiseed	dedicated-fill	5	5	12438562	ptools_metabolites_multiseed,ptools_overview_multiseed,ptools_proteins_multiseed,ptools_rna_multiseed,ptools_rxns_multiseed	s3://smsvpctest-shared-sharedbucket60d199d6-abfvwv0day91/vecoli-output/sim200-cd2-run3-sweep-combo00-25fc/analyses/analysis-ptools-multiseed/	cd2fill-run3-multigen-801,cd2fill-run3-multiseed-806,cd2fill-run3-percell,cd2fill-run3-percell-fixed,cd2fill-run3-percell-v2	AUTO (run_identity.json)
run3	01	sim200-cd2-run3-sweep-combo01-dd9b	96b27f385	ddc1a83	analysis-percell-run3	dedicated-fill	400	400	763054990	ptools_metabolites,ptools_overview,ptools_proteins,ptools_rna,ptools_rxns	s3://smsvpctest-shared-sharedbucket60d199d6-abfvwv0day91/vecoli-output/sim200-cd2-run3-sweep-combo01-dd9b/analyses/analysis-percell-run3/	cd2fill-run3-multigen-801,cd2fill-run3-multiseed-806,cd2fill-run3-percell,cd2fill-run3-percell-fixed,cd2fill-run3-percell-v2	AUTO (run_identity.json)
run3	02	sim200-cd2-run3-sweep-combo02-48c8	96b27f385	ddc1a83	analysis-percell-run3	dedicated-fill	400	400	762077144	ptools_metabolites,ptools_overview,ptools_proteins,ptools_rna,ptools_rxns	s3://smsvpctest-shared-sharedbucket60d199d6-abfvwv0day91/vecoli-output/sim200-cd2-run3-sweep-combo02-48c8/analyses/analysis-percell-run3/	cd2fill-run3-multigen-801,cd2fill-run3-multiseed-806,cd2fill-run3-percell,cd2fill-run3-percell-fixed,cd2fill-run3-percell-v2	AUTO (run_identity.json)
run3	03	sim200-cd2-run3-sweep-combo03-e72f	96b27f385	ddc1a83	analysis-percell-run3	dedicated-fill	400	400	763499573	ptools_metabolites,ptools_overview,ptools_proteins,ptools_rna,ptools_rxns	s3://smsvpctest-shared-sharedbucket60d199d6-abfvwv0day91/vecoli-output/sim200-cd2-run3-sweep-combo03-e72f/analyses/analysis-percell-run3/	cd2fill-run3-multigen-801,cd2fill-run3-multiseed-806,cd2fill-run3-percell,cd2fill-run3-percell-fixed,cd2fill-run3-percell-v2	AUTO (run_identity.json)
run3	04	sim200-cd2-run3-sweep-combo04-a38e	96b27f385	ddc1a83			0	0	0			cd2fill-run3-multigen-801,cd2fill-run3-multiseed-806,cd2fill-run3-percell,cd2fill-run3-percell-fixed,cd2fill-run3-percell-s4-7,cd2fill-run3-percell-s4-7-v2,cd2fill-run3-percell-v2	AUTO (run_identity.json)
run3	04	sim200-cd2-run3-sweep-combo04-retry1-ece8	96b27f385	ddc1a83	analysis-percell-run3	dedicated-fill	400	400	762107313	ptools_metabolites,ptools_overview,ptools_proteins,ptools_rna,ptools_rxns	s3://smsvpctest-shared-sharedbucket60d199d6-abfvwv0day91/vecoli-output/sim200-cd2-run3-sweep-combo04-retry1-ece8/analyses/analysis-percell-run3/	cd2fill-run3-multigen-801,cd2fill-run3-multiseed-806,cd2fill-run3-percell,cd2fill-run3-percell-fixed,cd2fill-run3-percell-s4-7,cd2fill-run3-percell-s4-7-v2,cd2fill-run3-percell-v2	AUTO (run_identity.json)
run3	05	sim200-cd2-run3-sweep-combo05-5f92	96b27f385	ddc1a83	analysis-percell-run3	dedicated-fill	400	400	764152967	ptools_metabolites,ptools_overview,ptools_proteins,ptools_rna,ptools_rxns	s3://smsvpctest-shared-sharedbucket60d199d6-abfvwv0day91/vecoli-output/sim200-cd2-run3-sweep-combo05-5f92/analyses/analysis-percell-run3/	cd2fill-run3-multigen-801,cd2fill-run3-multiseed-806,cd2fill-run3-percell,cd2fill-run3-percell-fixed,cd2fill-run3-percell-s4-7,cd2fill-run3-percell-s4-7-v2,cd2fill-run3-percell-v2	AUTO (run_identity.json)
run3	06	sim200-cd2-run3-sweep-combo06-9155	96b27f385	ddc1a83			0	0	0			cd2fill-run3-multigen-801,cd2fill-run3-multiseed-806,cd2fill-run3-percell,cd2fill-run3-percell-fixed,cd2fill-run3-percell-s4-7,cd2fill-run3-percell-s4-7-v2,cd2fill-run3-percell-v2	AUTO (run_identity.json)
run3	07	sim200-cd2-run3-sweep-combo07-7321	96b27f385	ddc1a83			0	0	0			cd2fill-run3-multigen-801,cd2fill-run3-multiseed-806,cd2fill-run3-percell,cd2fill-run3-percell-fixed,cd2fill-run3-percell-s4-7,cd2fill-run3-percell-s4-7-v2,cd2fill-run3-percell-v2	AUTO (run_identity.json)
run3	07	sim200-cd2-run3-sweep-combo07-retry1-0644	96b27f385	ddc1a83			0	0	0			cd2fill-run3-multigen-801,cd2fill-run3-multiseed-806,cd2fill-run3-percell,cd2fill-run3-percell-fixed,cd2fill-run3-percell-s4-7,cd2fill-run3-percell-s4-7-v2,cd2fill-run3-percell-v2	AUTO (run_identity.json)
run3	08	sim200-cd2-run3-sweep-combo08-0f91	96b27f385	ddc1a83	analysis-percell-run3	dedicated-fill	400	400	761961896	ptools_metabolites,ptools_overview,ptools_proteins,ptools_rna,ptools_rxns	s3://smsvpctest-shared-sharedbucket60d199d6-abfvwv0day91/vecoli-output/sim200-cd2-run3-sweep-combo08-0f91/analyses/analysis-percell-run3/	cd2fill-run3-multigen-801,cd2fill-run3-multiseed-806,cd2fill-run3-percell,cd2fill-run3-percell-fixed,cd2fill-run3-percell-s4-7,cd2fill-run3-percell-s4-7-v2,cd2fill-run3-percell-s8-11,cd2fill-run3-percell-v2	AUTO (run_identity.json)
run3	09	sim200-cd2-run3-sweep-combo09-f023	96b27f385	ddc1a83	analysis-percell-run3	dedicated-fill	400	400	763546599	ptools_metabolites,ptools_overview,ptools_proteins,ptools_rna,ptools_rxns	s3://smsvpctest-shared-sharedbucket60d199d6-abfvwv0day91/vecoli-output/sim200-cd2-run3-sweep-combo09-f023/analyses/analysis-percell-run3/	cd2fill-run3-multigen-801,cd2fill-run3-multiseed-806,cd2fill-run3-percell,cd2fill-run3-percell-fixed,cd2fill-run3-percell-s4-7,cd2fill-run3-percell-s4-7-v2,cd2fill-run3-percell-s8-11,cd2fill-run3-percell-v2	AUTO (run_identity.json)
run3	10	sim200-cd2-run3-sweep-combo10-019f	96b27f385	ddc1a83			0	0	0			cd2fill-run3-multigen-801,cd2fill-run3-multiseed-806,cd2fill-run3-percell,cd2fill-run3-percell-fixed,cd2fill-run3-percell-s4-7,cd2fill-run3-percell-s4-7-v2,cd2fill-run3-percell-s8-11,cd2fill-run3-percell-v2	AUTO (run_identity.json)
run3	11	sim200-cd2-run3-sweep-combo11-4b3a	96b27f385	ddc1a83			0	0	0			cd2fill-run3-multigen-801,cd2fill-run3-multiseed-806,cd2fill-run3-percell,cd2fill-run3-percell-fixed,cd2fill-run3-percell-s4-7,cd2fill-run3-percell-s4-7-v2,cd2fill-run3-percell-s8-11,cd2fill-run3-percell-v2	AUTO (run_identity.json)
run3	12	sim200-cd2-run3-sweep-combo12-5fc1	96b27f385	ddc1a83	analysis-percell-run3	dedicated-fill	400	400	763229078	ptools_metabolites,ptools_overview,ptools_proteins,ptools_rna,ptools_rxns	s3://smsvpctest-shared-sharedbucket60d199d6-abfvwv0day91/vecoli-output/sim200-cd2-run3-sweep-combo12-5fc1/analyses/analysis-percell-run3/	cd2fill-run3-multigen-801,cd2fill-run3-multiseed-806,cd2fill-run3-percell,cd2fill-run3-percell-fixed,cd2fill-run3-percell-s12-15,cd2fill-run3-percell-s4-7,cd2fill-run3-percell-s4-7-v2,cd2fill-run3-percell-s8-11,cd2fill-run3-percell-v2	AUTO (run_identity.json)
run3	13	sim200-cd2-run3-sweep-combo13-f677	96b27f385	ddc1a83	analysis-percell-run3	dedicated-fill	400	400	763635271	ptools_metabolites,ptools_overview,ptools_proteins,ptools_rna,ptools_rxns	s3://smsvpctest-shared-sharedbucket60d199d6-abfvwv0day91/vecoli-output/sim200-cd2-run3-sweep-combo13-f677/analyses/analysis-percell-run3/	cd2fill-run3-multigen-801,cd2fill-run3-multiseed-806,cd2fill-run3-percell,cd2fill-run3-percell-fixed,cd2fill-run3-percell-s12-15,cd2fill-run3-percell-s4-7,cd2fill-run3-percell-s4-7-v2,cd2fill-run3-percell-s8-11,cd2fill-run3-percell-v2	AUTO (run_identity.json)
run3	14	sim200-cd2-run3-sweep-combo14-8fb5	96b27f385	ddc1a83			0	0	0			cd2fill-run3-multigen-801,cd2fill-run3-multiseed-806,cd2fill-run3-percell,cd2fill-run3-percell-fixed,cd2fill-run3-percell-s12-15,cd2fill-run3-percell-s4-7,cd2fill-run3-percell-s4-7-v2,cd2fill-run3-percell-s8-11,cd2fill-run3-percell-v2	AUTO (run_identity.json)
run3	15	sim200-cd2-run3-sweep-combo15-b990	96b27f385	ddc1a83			0	0	0			cd2fill-run3-multigen-801,cd2fill-run3-multiseed-806,cd2fill-run3-percell,cd2fill-run3-percell-fixed,cd2fill-run3-percell-s12-15,cd2fill-run3-percell-s4-7,cd2fill-run3-percell-s4-7-v2,cd2fill-run3-percell-s8-11,cd2fill-run3-percell-v2	AUTO (run_identity.json)
run3	16	sim200-cd2-run3-sweep-combo16-6e6e	96b27f385	ddc1a83	analysis-percell-run3	dedicated-fill	400	400	763430506	ptools_metabolites,ptools_overview,ptools_proteins,ptools_rna,ptools_rxns	s3://smsvpctest-shared-sharedbucket60d199d6-abfvwv0day91/vecoli-output/sim200-cd2-run3-sweep-combo16-6e6e/analyses/analysis-percell-run3/	cd2fill-run3-multigen-801,cd2fill-run3-multiseed-806,cd2fill-run3-percell,cd2fill-run3-percell-fixed,cd2fill-run3-percell-s12-15,cd2fill-run3-percell-s16-19,cd2fill-run3-percell-s4-7,cd2fill-run3-percell-s4-7-v2,cd2fill-run3-percell-s8-11,cd2fill-run3-percell-v2	AUTO (run_identity.json)
run3	17	sim200-cd2-run3-sweep-combo17-7f2a	96b27f385	ddc1a83	analysis-percell-run3	dedicated-fill	400	400	763853742	ptools_metabolites,ptools_overview,ptools_proteins,ptools_rna,ptools_rxns	s3://smsvpctest-shared-sharedbucket60d199d6-abfvwv0day91/vecoli-output/sim200-cd2-run3-sweep-combo17-7f2a/analyses/analysis-percell-run3/	cd2fill-run3-multigen-801,cd2fill-run3-multiseed-806,cd2fill-run3-percell,cd2fill-run3-percell-fixed,cd2fill-run3-percell-s12-15,cd2fill-run3-percell-s16-19,cd2fill-run3-percell-s4-7,cd2fill-run3-percell-s4-7-v2,cd2fill-run3-percell-s8-11,cd2fill-run3-percell-v2	AUTO (run_identity.json)
run3	18	sim200-cd2-run3-sweep-combo18-40e6	96b27f385	ddc1a83			0	0	0			cd2fill-run3-multigen-801,cd2fill-run3-multiseed-806,cd2fill-run3-percell,cd2fill-run3-percell-fixed,cd2fill-run3-percell-s12-15,cd2fill-run3-percell-s16-19,cd2fill-run3-percell-s4-7,cd2fill-run3-percell-s4-7-v2,cd2fill-run3-percell-s8-11,cd2fill-run3-percell-v2	AUTO (run_identity.json)
run3	19	sim200-cd2-run3-sweep-combo19-e414	96b27f385	ddc1a83			0	0	0			cd2fill-run3-multigen-801,cd2fill-run3-multiseed-806,cd2fill-run3-percell,cd2fill-run3-percell-fixed,cd2fill-run3-percell-s12-15,cd2fill-run3-percell-s16-19,cd2fill-run3-percell-s4-7,cd2fill-run3-percell-s4-7-v2,cd2fill-run3-percell-s8-11,cd2fill-run3-percell-v2	AUTO (run_identity.json)
run3	20	sim200-cd2-run3-sweep-combo20-eccd	96b27f385	ddc1a83	analysis-percell-run3	dedicated-fill	400	400	763329281	ptools_metabolites,ptools_overview,ptools_proteins,ptools_rna,ptools_rxns	s3://smsvpctest-shared-sharedbucket60d199d6-abfvwv0day91/vecoli-output/sim200-cd2-run3-sweep-combo20-eccd/analyses/analysis-percell-run3/	cd2fill-run3-multigen-801,cd2fill-run3-multiseed-806,cd2fill-run3-percell,cd2fill-run3-percell-fixed,cd2fill-run3-percell-s12-15,cd2fill-run3-percell-s16-19,cd2fill-run3-percell-s20-23,cd2fill-run3-percell-s4-7,cd2fill-run3-percell-s4-7-v2,cd2fill-run3-percell-s8-11,cd2fill-run3-percell-v2	AUTO (run_identity.json)
run3	21	sim200-cd2-run3-sweep-combo21-03a4	96b27f385	ddc1a83	analysis-percell-run3	dedicated-fill	400	400	763716997	ptools_metabolites,ptools_overview,ptools_proteins,ptools_rna,ptools_rxns	s3://smsvpctest-shared-sharedbucket60d199d6-abfvwv0day91/vecoli-output/sim200-cd2-run3-sweep-combo21-03a4/analyses/analysis-percell-run3/	cd2fill-run3-multigen-801,cd2fill-run3-multiseed-806,cd2fill-run3-percell,cd2fill-run3-percell-fixed,cd2fill-run3-percell-s12-15,cd2fill-run3-percell-s16-19,cd2fill-run3-percell-s20-23,cd2fill-run3-percell-s4-7,cd2fill-run3-percell-s4-7-v2,cd2fill-run3-percell-s8-11,cd2fill-run3-percell-v2	AUTO (run_identity.json)
run3	22	sim200-cd2-run3-sweep-combo22-1b93	96b27f385	ddc1a83			0	0	0			cd2fill-run3-multigen-801,cd2fill-run3-multiseed-806,cd2fill-run3-percell,cd2fill-run3-percell-fixed,cd2fill-run3-percell-s12-15,cd2fill-run3-percell-s16-19,cd2fill-run3-percell-s20-23,cd2fill-run3-percell-s4-7,cd2fill-run3-percell-s4-7-v2,cd2fill-run3-percell-s8-11,cd2fill-run3-percell-v2	AUTO (run_identity.json)
run3	23	sim200-cd2-run3-sweep-combo23-b2a3	96b27f385	ddc1a83			0	0	0			cd2fill-run3-multigen-801,cd2fill-run3-multiseed-806,cd2fill-run3-percell,cd2fill-run3-percell-fixed,cd2fill-run3-percell-s12-15,cd2fill-run3-percell-s16-19,cd2fill-run3-percell-s20-23,cd2fill-run3-percell-s4-7,cd2fill-run3-percell-s4-7-v2,cd2fill-run3-percell-s8-11,cd2fill-run3-percell-v2	AUTO (run_identity.json)
run3	24	sim200-cd2-run3-sweep-combo24-6bf0	96b27f385	ddc1a83	analysis-percell-run3	dedicated-fill	400	400	762570955	ptools_metabolites,ptools_overview,ptools_proteins,ptools_rna,ptools_rxns	s3://smsvpctest-shared-sharedbucket60d199d6-abfvwv0day91/vecoli-output/sim200-cd2-run3-sweep-combo24-6bf0/analyses/analysis-percell-run3/	cd2fill-run3-multigen-801,cd2fill-run3-multiseed-806,cd2fill-run3-percell,cd2fill-run3-percell-fixed,cd2fill-run3-percell-s12-15,cd2fill-run3-percell-s16-19,cd2fill-run3-percell-s20-23,cd2fill-run3-percell-s24-27,cd2fill-run3-percell-s4-7,cd2fill-run3-percell-s4-7-v2,cd2fill-run3-percell-s8-11,cd2fill-run3-percell-v2	AUTO (run_identity.json)
run3	25	sim200-cd2-run3-sweep-combo25-5ec8	96b27f385	ddc1a83	analysis-percell-run3	dedicated-fill	400	400	762797870	ptools_metabolites,ptools_overview,ptools_proteins,ptools_rna,ptools_rxns	s3://smsvpctest-shared-sharedbucket60d199d6-abfvwv0day91/vecoli-output/sim200-cd2-run3-sweep-combo25-5ec8/analyses/analysis-percell-run3/	cd2fill-run3-multigen-801,cd2fill-run3-multiseed-806,cd2fill-run3-percell,cd2fill-run3-percell-fixed,cd2fill-run3-percell-s12-15,cd2fill-run3-percell-s16-19,cd2fill-run3-percell-s20-23,cd2fill-run3-percell-s24-27,cd2fill-run3-percell-s4-7,cd2fill-run3-percell-s4-7-v2,cd2fill-run3-percell-s8-11,cd2fill-run3-percell-v2	AUTO (run_identity.json)
run3	26	sim200-cd2-run3-sweep-combo26-964a	96b27f385	ddc1a83			0	0	0			cd2fill-run3-multigen-801,cd2fill-run3-multiseed-806,cd2fill-run3-percell,cd2fill-run3-percell-fixed,cd2fill-run3-percell-s12-15,cd2fill-run3-percell-s16-19,cd2fill-run3-percell-s20-23,cd2fill-run3-percell-s24-27,cd2fill-run3-percell-s4-7,cd2fill-run3-percell-s4-7-v2,cd2fill-run3-percell-s8-11,cd2fill-run3-percell-v2	AUTO (run_identity.json)
run3	27	sim200-cd2-run3-sweep-combo27-f8ac	96b27f385	ddc1a83			0	0	0			cd2fill-run3-multigen-801,cd2fill-run3-multiseed-806,cd2fill-run3-percell,cd2fill-run3-percell-fixed,cd2fill-run3-percell-s12-15,cd2fill-run3-percell-s16-19,cd2fill-run3-percell-s20-23,cd2fill-run3-percell-s24-27,cd2fill-run3-percell-s4-7,cd2fill-run3-percell-s4-7-v2,cd2fill-run3-percell-s8-11,cd2fill-run3-percell-v2	AUTO (run_identity.json)
run3	28	sim200-cd2-run3-sweep-combo28-bab9	96b27f385	ddc1a83	analysis-percell-run3	dedicated-fill	400	400	763824816	ptools_metabolites,ptools_overview,ptools_proteins,ptools_rna,ptools_rxns	s3://smsvpctest-shared-sharedbucket60d199d6-abfvwv0day91/vecoli-output/sim200-cd2-run3-sweep-combo28-bab9/analyses/analysis-percell-run3/	cd2fill-run3-multigen-801,cd2fill-run3-multiseed-806,cd2fill-run3-percell,cd2fill-run3-percell-fixed,cd2fill-run3-percell-s12-15,cd2fill-run3-percell-s16-19,cd2fill-run3-percell-s20-23,cd2fill-run3-percell-s24-27,cd2fill-run3-percell-s28-31,cd2fill-run3-percell-s4-7,cd2fill-run3-percell-s4-7-v2,cd2fill-run3-percell-s8-11,cd2fill-run3-percell-v2	AUTO (run_identity.json)
run3	29	sim200-cd2-run3-sweep-combo29-9b71	96b27f385	ddc1a83	analysis-percell-run3	dedicated-fill	400	400	763757309	ptools_metabolites,ptools_overview,ptools_proteins,ptools_rna,ptools_rxns	s3://smsvpctest-shared-sharedbucket60d199d6-abfvwv0day91/vecoli-output/sim200-cd2-run3-sweep-combo29-9b71/analyses/analysis-percell-run3/	cd2fill-run3-multigen-801,cd2fill-run3-multiseed-806,cd2fill-run3-percell,cd2fill-run3-percell-fixed,cd2fill-run3-percell-s12-15,cd2fill-run3-percell-s16-19,cd2fill-run3-percell-s20-23,cd2fill-run3-percell-s24-27,cd2fill-run3-percell-s28-31,cd2fill-run3-percell-s4-7,cd2fill-run3-percell-s4-7-v2,cd2fill-run3-percell-s8-11,cd2fill-run3-percell-v2	AUTO (run_identity.json)
run3	30	sim200-cd2-run3-sweep-combo30-1db6	96b27f385	ddc1a83			0	0	0			cd2fill-run3-multigen-801,cd2fill-run3-multiseed-806,cd2fill-run3-percell,cd2fill-run3-percell-fixed,cd2fill-run3-percell-s12-15,cd2fill-run3-percell-s16-19,cd2fill-run3-percell-s20-23,cd2fill-run3-percell-s24-27,cd2fill-run3-percell-s28-31,cd2fill-run3-percell-s4-7,cd2fill-run3-percell-s4-7-v2,cd2fill-run3-percell-s8-11,cd2fill-run3-percell-v2	AUTO (run_identity.json)
run3	31	sim200-cd2-run3-sweep-combo31-3e07	96b27f385	ddc1a83			0	0	0			cd2fill-run3-multigen-801,cd2fill-run3-multiseed-806,cd2fill-run3-percell,cd2fill-run3-percell-fixed,cd2fill-run3-percell-s12-15,cd2fill-run3-percell-s16-19,cd2fill-run3-percell-s20-23,cd2fill-run3-percell-s24-27,cd2fill-run3-percell-s28-31,cd2fill-run3-percell-s4-7,cd2fill-run3-percell-s4-7-v2,cd2fill-run3-percell-s8-11,cd2fill-run3-percell-v2	AUTO (run_identity.json)
run3	32	sim200-cd2-run3-sweep-combo32-5f9e	96b27f385	ddc1a83	analysis-percell-run3	dedicated-fill	400	400	763852868	ptools_metabolites,ptools_overview,ptools_proteins,ptools_rna,ptools_rxns	s3://smsvpctest-shared-sharedbucket60d199d6-abfvwv0day91/vecoli-output/sim200-cd2-run3-sweep-combo32-5f9e/analyses/analysis-percell-run3/	cd2fill-run3-multigen-801,cd2fill-run3-multiseed-806,cd2fill-run3-percell,cd2fill-run3-percell-fixed,cd2fill-run3-percell-s12-15,cd2fill-run3-percell-s16-19,cd2fill-run3-percell-s20-23,cd2fill-run3-percell-s24-27,cd2fill-run3-percell-s28-31,cd2fill-run3-percell-s32-35,cd2fill-run3-percell-s4-7,cd2fill-run3-percell-s4-7-v2,cd2fill-run3-percell-s8-11,cd2fill-run3-percell-v2	AUTO (run_identity.json)
run3	33	sim200-cd2-run3-sweep-combo33-e88f	96b27f385	ddc1a83	analysis-percell-run3	dedicated-fill	400	400	763366468	ptools_metabolites,ptools_overview,ptools_proteins,ptools_rna,ptools_rxns	s3://smsvpctest-shared-sharedbucket60d199d6-abfvwv0day91/vecoli-output/sim200-cd2-run3-sweep-combo33-e88f/analyses/analysis-percell-run3/	cd2fill-run3-multigen-801,cd2fill-run3-multiseed-806,cd2fill-run3-percell,cd2fill-run3-percell-fixed,cd2fill-run3-percell-s12-15,cd2fill-run3-percell-s16-19,cd2fill-run3-percell-s20-23,cd2fill-run3-percell-s24-27,cd2fill-run3-percell-s28-31,cd2fill-run3-percell-s32-35,cd2fill-run3-percell-s4-7,cd2fill-run3-percell-s4-7-v2,cd2fill-run3-percell-s8-11,cd2fill-run3-percell-v2	AUTO (run_identity.json)
run3	34	sim200-cd2-run3-sweep-combo34-def1	96b27f385	ddc1a83			0	0	0			cd2fill-run3-multigen-801,cd2fill-run3-multiseed-806,cd2fill-run3-percell,cd2fill-run3-percell-fixed,cd2fill-run3-percell-s12-15,cd2fill-run3-percell-s16-19,cd2fill-run3-percell-s20-23,cd2fill-run3-percell-s24-27,cd2fill-run3-percell-s28-31,cd2fill-run3-percell-s32-35,cd2fill-run3-percell-s4-7,cd2fill-run3-percell-s4-7-v2,cd2fill-run3-percell-s8-11,cd2fill-run3-percell-v2	AUTO (run_identity.json)
run3	35	sim200-cd2-run3-sweep-combo35-8404	96b27f385	ddc1a83			0	0	0			cd2fill-run3-multigen-801,cd2fill-run3-multiseed-806,cd2fill-run3-percell,cd2fill-run3-percell-fixed,cd2fill-run3-percell-s12-15,cd2fill-run3-percell-s16-19,cd2fill-run3-percell-s20-23,cd2fill-run3-percell-s24-27,cd2fill-run3-percell-s28-31,cd2fill-run3-percell-s32-35,cd2fill-run3-percell-s4-7,cd2fill-run3-percell-s4-7-v2,cd2fill-run3-percell-s8-11,cd2fill-run3-percell-v2	AUTO (run_identity.json)
run4min-native	1	sim201-cd2-run4-native-design1-minimal-nativeoe-4x8-1029			analysis-mnp-sim201-cd2-run4-nati-mhh2hv	append-metabolites(into sim-time analysis)	160	288	440235170	ptools_metabolites,ptools_overview,ptools_proteins,ptools_rna,ptools_rxns	s3://smsvpctest-shared-sharedbucket60d199d6-abfvwv0day91/vecoli-output/sim201-cd2-run4-native-design1-minimal-nativeoe-4x8-1029/analyses/analysis-mnp-sim201-cd2-run4-nati-mhh2hv/	cd2fill-run4-percell	explicit: same Run-4-minimal base
run4min-native	1	sim201-cd2-run4-native-design1-minimal-nativeoe-4x8-1b8c			analysis-mnp-sim201-cd2-run4-nati-yachi5	append-metabolites(into sim-time analysis)	160	288	435317392	ptools_metabolites,ptools_overview,ptools_proteins,ptools_rna,ptools_rxns	s3://smsvpctest-shared-sharedbucket60d199d6-abfvwv0day91/vecoli-output/sim201-cd2-run4-native-design1-minimal-nativeoe-4x8-1b8c/analyses/analysis-mnp-sim201-cd2-run4-nati-yachi5/	cd2fill-run4-percell	explicit: same Run-4-minimal base
run4min-native	2	sim201-cd2-run4-native-design2-minimal-nativeoe-4x8-4752			analysis-mnp-sim201-cd2-run4-nati-70pki6	append-metabolites(into sim-time analysis)	160	288	436758224	ptools_metabolites,ptools_overview,ptools_proteins,ptools_rna,ptools_rxns	s3://smsvpctest-shared-sharedbucket60d199d6-abfvwv0day91/vecoli-output/sim201-cd2-run4-native-design2-minimal-nativeoe-4x8-4752/analyses/analysis-mnp-sim201-cd2-run4-nati-70pki6/	cd2fill-run4-percell	explicit: same Run-4-minimal base
run4min-native	2	sim201-cd2-run4-native-design2-minimal-nativeoe-4x8-a022			analysis-mnp-sim201-cd2-run4-nati-fgrtbk	append-metabolites(into sim-time analysis)	160	288	431446880	ptools_metabolites,ptools_overview,ptools_proteins,ptools_rna,ptools_rxns	s3://smsvpctest-shared-sharedbucket60d199d6-abfvwv0day91/vecoli-output/sim201-cd2-run4-native-design2-minimal-nativeoe-4x8-a022/analyses/analysis-mnp-sim201-cd2-run4-nati-fgrtbk/	cd2fill-run4-percell	explicit: same Run-4-minimal base
run4min-native	3	sim201-cd2-run4-native-design3-minimal-nativeoe-4x8-6223			analysis-mnp-sim201-cd2-run4-nati-5rz9jy	append-metabolites(into sim-time analysis)	160	288	432321007	ptools_metabolites,ptools_overview,ptools_proteins,ptools_rna,ptools_rxns	s3://smsvpctest-shared-sharedbucket60d199d6-abfvwv0day91/vecoli-output/sim201-cd2-run4-native-design3-minimal-nativeoe-4x8-6223/analyses/analysis-mnp-sim201-cd2-run4-nati-5rz9jy/	cd2fill-run4-percell	explicit: same Run-4-minimal base
run4min-native	3	sim201-cd2-run4-native-design3-minimal-nativeoe-4x8-f72b			analysis-mnp-sim201-cd2-run4-nati-35qn1p	append-metabolites(into sim-time analysis)	164	304	816421842	ptools_metabolites,ptools_overview,ptools_overview_multigeneration,ptools_proteins,ptools_rna,ptools_rxns	s3://smsvpctest-shared-sharedbucket60d199d6-abfvwv0day91/vecoli-output/sim201-cd2-run4-native-design3-minimal-nativeoe-4x8-f72b/analyses/analysis-mnp-sim201-cd2-run4-nati-35qn1p/	cd2fill-run4-percell	explicit: same Run-4-minimal base
run4min-native	4	sim201-cd2-run4-native-design4-minimal-nativeoe-4x8-232d			analysis-mnp-sim201-cd2-run4-nati-c5rzkj	append-metabolites(into sim-time analysis)	160	288	439878194	ptools_metabolites,ptools_overview,ptools_proteins,ptools_rna,ptools_rxns	s3://smsvpctest-shared-sharedbucket60d199d6-abfvwv0day91/vecoli-output/sim201-cd2-run4-native-design4-minimal-nativeoe-4x8-232d/analyses/analysis-mnp-sim201-cd2-run4-nati-c5rzkj/	cd2fill-run4-percell	explicit: same Run-4-minimal base
run4min-native	4	sim201-cd2-run4-native-design4-minimal-nativeoe-4x8-3b9d			analysis-mnp-sim201-cd2-run4-nati-o7nzgd	append-metabolites(into sim-time analysis)	160	288	441307984	ptools_metabolites,ptools_overview,ptools_proteins,ptools_rna,ptools_rxns	s3://smsvpctest-shared-sharedbucket60d199d6-abfvwv0day91/vecoli-output/sim201-cd2-run4-native-design4-minimal-nativeoe-4x8-3b9d/analyses/analysis-mnp-sim201-cd2-run4-nati-o7nzgd/	cd2fill-run4-percell	explicit: same Run-4-minimal base
run4min-native	5	sim201-cd2-run4-native-design5-minimal-nativeoe-4x8-526a			analysis-mnp-sim201-cd2-run4-nati-krwmrz	append-metabolites(into sim-time analysis)	160	288	434609431	ptools_metabolites,ptools_overview,ptools_proteins,ptools_rna,ptools_rxns	s3://smsvpctest-shared-sharedbucket60d199d6-abfvwv0day91/vecoli-output/sim201-cd2-run4-native-design5-minimal-nativeoe-4x8-526a/analyses/analysis-mnp-sim201-cd2-run4-nati-krwmrz/	cd2fill-run4-percell	explicit: same Run-4-minimal base
run4min-native	5	sim201-cd2-run4-native-design5-minimal-nativeoe-4x8-f062			analysis-mnp-sim201-cd2-run4-nati-1t5plt	append-metabolites(into sim-time analysis)	160	288	420548701	ptools_metabolites,ptools_overview,ptools_proteins,ptools_rna,ptools_rxns	s3://smsvpctest-shared-sharedbucket60d199d6-abfvwv0day91/vecoli-output/sim201-cd2-run4-native-design5-minimal-nativeoe-4x8-f062/analyses/analysis-mnp-sim201-cd2-run4-nati-1t5plt/	cd2fill-run4-percell	explicit: same Run-4-minimal base
run4min-native	6	sim201-cd2-run4-native-design6-minimal-nativeoe-4x8-6e19			analysis-mnp-sim201-cd2-run4-nati-h627ui	append-metabolites(into sim-time analysis)	160	288	429642923	ptools_metabolites,ptools_overview,ptools_proteins,ptools_rna,ptools_rxns	s3://smsvpctest-shared-sharedbucket60d199d6-abfvwv0day91/vecoli-output/sim201-cd2-run4-native-design6-minimal-nativeoe-4x8-6e19/analyses/analysis-mnp-sim201-cd2-run4-nati-h627ui/	cd2fill-run4-percell	explicit: same Run-4-minimal base
run4min-native	6	sim201-cd2-run4-native-design6-minimal-nativeoe-4x8-935e			analysis-mnp-sim201-cd2-run4-nati-c5uc2x	append-metabolites(into sim-time analysis)	160	288	435319122	ptools_metabolites,ptools_overview,ptools_proteins,ptools_rna,ptools_rxns	s3://smsvpctest-shared-sharedbucket60d199d6-abfvwv0day91/vecoli-output/sim201-cd2-run4-native-design6-minimal-nativeoe-4x8-935e/analyses/analysis-mnp-sim201-cd2-run4-nati-c5uc2x/	cd2fill-run4-percell	explicit: same Run-4-minimal base
run4min-native	7	sim201-cd2-run4-native-design7-minimal-nativeoe-4x8-2a62			analysis-mnp-sim201-cd2-run4-nati-su89ds	append-metabolites(into sim-time analysis)	160	288	436999429	ptools_metabolites,ptools_overview,ptools_proteins,ptools_rna,ptools_rxns	s3://smsvpctest-shared-sharedbucket60d199d6-abfvwv0day91/vecoli-output/sim201-cd2-run4-native-design7-minimal-nativeoe-4x8-2a62/analyses/analysis-mnp-sim201-cd2-run4-nati-su89ds/	cd2fill-run4-percell	explicit: same Run-4-minimal base
run4min-native	7	sim201-cd2-run4-native-design7-minimal-nativeoe-4x8-c322			analysis-mnp-sim201-cd2-run4-nati-qp156k	append-metabolites(into sim-time analysis)	160	288	427875219	ptools_metabolites,ptools_overview,ptools_proteins,ptools_rna,ptools_rxns	s3://smsvpctest-shared-sharedbucket60d199d6-abfvwv0day91/vecoli-output/sim201-cd2-run4-native-design7-minimal-nativeoe-4x8-c322/analyses/analysis-mnp-sim201-cd2-run4-nati-qp156k/	cd2fill-run4-percell	explicit: same Run-4-minimal base
run4min-native	8	sim201-cd2-run4-native-design8-minimal-nativeoe-4x8-7e7a			analysis-mnp-sim201-cd2-run4-nati-unic1n	append-metabolites(into sim-time analysis)	160	288	432584698	ptools_metabolites,ptools_overview,ptools_proteins,ptools_rna,ptools_rxns	s3://smsvpctest-shared-sharedbucket60d199d6-abfvwv0day91/vecoli-output/sim201-cd2-run4-native-design8-minimal-nativeoe-4x8-7e7a/analyses/analysis-mnp-sim201-cd2-run4-nati-unic1n/	cd2fill-run4-percell	explicit: same Run-4-minimal base
run4min-native	8	sim201-cd2-run4-native-design8-minimal-nativeoe-4x8-7f5f			analysis-mnp-sim201-cd2-run4-nati-n7jxjt	append-metabolites(into sim-time analysis)	160	288	433542988	ptools_metabolites,ptools_overview,ptools_proteins,ptools_rna,ptools_rxns	s3://smsvpctest-shared-sharedbucket60d199d6-abfvwv0day91/vecoli-output/sim201-cd2-run4-native-design8-minimal-nativeoe-4x8-7f5f/analyses/analysis-mnp-sim201-cd2-run4-nati-n7jxjt/	cd2fill-run4-percell	explicit: same Run-4-minimal base
run4min-native	9	sim201-cd2-run4-native-design9-minimal-nativeoe-4x8-5d7a			analysis-mnp-sim201-cd2-run4-nati-8ox8eo	append-metabolites(into sim-time analysis)	160	288	435296480	ptools_metabolites,ptools_overview,ptools_proteins,ptools_rna,ptools_rxns	s3://smsvpctest-shared-sharedbucket60d199d6-abfvwv0day91/vecoli-output/sim201-cd2-run4-native-design9-minimal-nativeoe-4x8-5d7a/analyses/analysis-mnp-sim201-cd2-run4-nati-8ox8eo/	cd2fill-run4-percell	explicit: same Run-4-minimal base
run4min-native	9	sim201-cd2-run4-native-design9-minimal-nativeoe-4x8-cff5			analysis-mnp-sim201-cd2-run4-nati-6nhdne	append-metabolites(into sim-time analysis)	160	288	440285611	ptools_metabolites,ptools_overview,ptools_proteins,ptools_rna,ptools_rxns	s3://smsvpctest-shared-sharedbucket60d199d6-abfvwv0day91/vecoli-output/sim201-cd2-run4-native-design9-minimal-nativeoe-4x8-cff5/analyses/analysis-mnp-sim201-cd2-run4-nati-6nhdne/	cd2fill-run4-percell	explicit: same Run-4-minimal base
run4min-native	10	sim201-cd2-run4-native-design10-minimal-nativeoe-4x8-b93e			analysis-mnp-sim201-cd2-run4-nati-rax8gd	append-metabolites(into sim-time analysis)	161	304	695539273	ptools_metabolites,ptools_overview,ptools_proteins,ptools_rna,ptools_rxns,ptools_rxns_multigeneration	s3://smsvpctest-shared-sharedbucket60d199d6-abfvwv0day91/vecoli-output/sim201-cd2-run4-native-design10-minimal-nativeoe-4x8-b93e/analyses/analysis-mnp-sim201-cd2-run4-nati-rax8gd/	cd2fill-run4-percell	explicit: same Run-4-minimal base
run4min-native	10	sim201-cd2-run4-native-design10-minimal-nativeoe-4x8-dc4c			analysis-mnp-sim201-cd2-run4-nati-bksbfw	append-metabolites(into sim-time analysis)	160	288	433302503	ptools_metabolites,ptools_overview,ptools_proteins,ptools_rna,ptools_rxns	s3://smsvpctest-shared-sharedbucket60d199d6-abfvwv0day91/vecoli-output/sim201-cd2-run4-native-design10-minimal-nativeoe-4x8-dc4c/analyses/analysis-mnp-sim201-cd2-run4-nati-bksbfw/	cd2fill-run4-percell	explicit: same Run-4-minimal base
run4min-native	11	sim201-cd2-run4-native-design11-minimal-nativeoe-4x8-3635			analysis-mnp-sim201-cd2-run4-nati-f3xixi	append-metabolites(into sim-time analysis)	160	288	443327272	ptools_metabolites,ptools_overview,ptools_proteins,ptools_rna,ptools_rxns	s3://smsvpctest-shared-sharedbucket60d199d6-abfvwv0day91/vecoli-output/sim201-cd2-run4-native-design11-minimal-nativeoe-4x8-3635/analyses/analysis-mnp-sim201-cd2-run4-nati-f3xixi/	cd2fill-run4-percell	explicit: same Run-4-minimal base
run4min-native	11	sim201-cd2-run4-native-design11-minimal-nativeoe-4x8-b780			analysis-mnp-sim201-cd2-run4-nati-52cquy	append-metabolites(into sim-time analysis)	160	288	430602417	ptools_metabolites,ptools_overview,ptools_proteins,ptools_rna,ptools_rxns	s3://smsvpctest-shared-sharedbucket60d199d6-abfvwv0day91/vecoli-output/sim201-cd2-run4-native-design11-minimal-nativeoe-4x8-b780/analyses/analysis-mnp-sim201-cd2-run4-nati-52cquy/	cd2fill-run4-percell	explicit: same Run-4-minimal base
run4min-native	12	sim201-cd2-run4-native-design12-minimal-nativeoe-4x8-8f03			analysis-mnp-sim201-cd2-run4-nati-ghq3h4	append-metabolites(into sim-time analysis)	160	288	431312446	ptools_metabolites,ptools_overview,ptools_proteins,ptools_rna,ptools_rxns	s3://smsvpctest-shared-sharedbucket60d199d6-abfvwv0day91/vecoli-output/sim201-cd2-run4-native-design12-minimal-nativeoe-4x8-8f03/analyses/analysis-mnp-sim201-cd2-run4-nati-ghq3h4/	cd2fill-run4-percell	explicit: same Run-4-minimal base
run4min-native	12	sim201-cd2-run4-native-design12-minimal-nativeoe-4x8-b899			analysis-mnp-sim201-cd2-run4-nati-myuotn	append-metabolites(into sim-time analysis)	160	288	428884048	ptools_metabolites,ptools_overview,ptools_proteins,ptools_rna,ptools_rxns	s3://smsvpctest-shared-sharedbucket60d199d6-abfvwv0day91/vecoli-output/sim201-cd2-run4-native-design12-minimal-nativeoe-4x8-b899/analyses/analysis-mnp-sim201-cd2-run4-nati-myuotn/	cd2fill-run4-percell	explicit: same Run-4-minimal base
run4min-native	13	sim201-cd2-run4-native-design13-minimal-nativeoe-4x8-5d2d			analysis-mnp-sim201-cd2-run4-nati-dje0i6	append-metabolites(into sim-time analysis)	160	288	429493809	ptools_metabolites,ptools_overview,ptools_proteins,ptools_rna,ptools_rxns	s3://smsvpctest-shared-sharedbucket60d199d6-abfvwv0day91/vecoli-output/sim201-cd2-run4-native-design13-minimal-nativeoe-4x8-5d2d/analyses/analysis-mnp-sim201-cd2-run4-nati-dje0i6/	cd2fill-run4-percell	explicit: same Run-4-minimal base
run4min-native	13	sim201-cd2-run4-native-design13-minimal-nativeoe-4x8-e4bb			analysis-mnp-sim201-cd2-run4-nati-ci9w59	append-metabolites(into sim-time analysis)	160	288	447980225	ptools_metabolites,ptools_overview,ptools_proteins,ptools_rna,ptools_rxns	s3://smsvpctest-shared-sharedbucket60d199d6-abfvwv0day91/vecoli-output/sim201-cd2-run4-native-design13-minimal-nativeoe-4x8-e4bb/analyses/analysis-mnp-sim201-cd2-run4-nati-ci9w59/	cd2fill-run4-percell	explicit: same Run-4-minimal base
run4min-native	14	sim201-cd2-run4-native-design14-minimal-nativeoe-4x8-78f7			analysis-mnp-sim201-cd2-run4-nati-qsv9pz	append-metabolites(into sim-time analysis)	160	288	434244529	ptools_metabolites,ptools_overview,ptools_proteins,ptools_rna,ptools_rxns	s3://smsvpctest-shared-sharedbucket60d199d6-abfvwv0day91/vecoli-output/sim201-cd2-run4-native-design14-minimal-nativeoe-4x8-78f7/analyses/analysis-mnp-sim201-cd2-run4-nati-qsv9pz/	cd2fill-run4-percell	explicit: same Run-4-minimal base
run4min-native	14	sim201-cd2-run4-native-design14-minimal-nativeoe-4x8-ec66			analysis-mnp-sim201-cd2-run4-nati-33uyzo	append-metabolites(into sim-time analysis)	160	288	436927896	ptools_metabolites,ptools_overview,ptools_proteins,ptools_rna,ptools_rxns	s3://smsvpctest-shared-sharedbucket60d199d6-abfvwv0day91/vecoli-output/sim201-cd2-run4-native-design14-minimal-nativeoe-4x8-ec66/analyses/analysis-mnp-sim201-cd2-run4-nati-33uyzo/	cd2fill-run4-percell	explicit: same Run-4-minimal base
run4min-native	15	sim201-cd2-run4-native-design15-minimal-nativeoe-4x8-0e70			analysis-mnp-sim201-cd2-run4-nati-kubluq	append-metabolites(into sim-time analysis)	160	288	434177009	ptools_metabolites,ptools_overview,ptools_proteins,ptools_rna,ptools_rxns	s3://smsvpctest-shared-sharedbucket60d199d6-abfvwv0day91/vecoli-output/sim201-cd2-run4-native-design15-minimal-nativeoe-4x8-0e70/analyses/analysis-mnp-sim201-cd2-run4-nati-kubluq/	cd2fill-run4-percell	explicit: same Run-4-minimal base
run4min-native	15	sim201-cd2-run4-native-design15-minimal-nativeoe-4x8-b0d9			analysis-mnp-sim201-cd2-run4-nati-20nqkp	append-metabolites(into sim-time analysis)	160	288	435833185	ptools_metabolites,ptools_overview,ptools_proteins,ptools_rna,ptools_rxns	s3://smsvpctest-shared-sharedbucket60d199d6-abfvwv0day91/vecoli-output/sim201-cd2-run4-native-design15-minimal-nativeoe-4x8-b0d9/analyses/analysis-mnp-sim201-cd2-run4-nati-20nqkp/	cd2fill-run4-percell	explicit: same Run-4-minimal base
run4min-native	16	sim201-cd2-run4-native-design16-minimal-nativeoe-4x8-d886			analysis-mnp-sim201-cd2-run4-nati-e2txlc	append-metabolites(into sim-time analysis)	160	288	441614947	ptools_metabolites,ptools_overview,ptools_proteins,ptools_rna,ptools_rxns	s3://smsvpctest-shared-sharedbucket60d199d6-abfvwv0day91/vecoli-output/sim201-cd2-run4-native-design16-minimal-nativeoe-4x8-d886/analyses/analysis-mnp-sim201-cd2-run4-nati-e2txlc/	cd2fill-run4-percell	explicit: same Run-4-minimal base
run4min-native	16	sim201-cd2-run4-native-design16-minimal-nativeoe-4x8-d9f2			analysis-mnp-sim201-cd2-run4-nati-r609ph	append-metabolites(into sim-time analysis)	160	288	434520145	ptools_metabolites,ptools_overview,ptools_proteins,ptools_rna,ptools_rxns	s3://smsvpctest-shared-sharedbucket60d199d6-abfvwv0day91/vecoli-output/sim201-cd2-run4-native-design16-minimal-nativeoe-4x8-d9f2/analyses/analysis-mnp-sim201-cd2-run4-nati-r609ph/	cd2fill-run4-percell	explicit: same Run-4-minimal base
run4min-pathway	1	sim201-cd2-run4-genotype1-minimal-4x8-post301-96b27f38-sim201-9a65			analysis-mnp-sim201-cd2-run4-geno-1tio29	append-metabolites(into sim-time analysis)	160	288	431095947	ptools_metabolites,ptools_overview,ptools_proteins,ptools_rna,ptools_rxns	s3://smsvpctest-shared-sharedbucket60d199d6-abfvwv0day91/vecoli-output/sim201-cd2-run4-genotype1-minimal-4x8-post301-96b27f38-sim201-9a65/analyses/analysis-mnp-sim201-cd2-run4-geno-1tio29/	cd2fill-run4-percell	explicit: carina_run4_genotype*_simData.cPickle
run4min-pathway	2	sim201-cd2-run4-genotype2-minimal-4x8-post301-96b27f38-sim201-ba1a			analysis-mnp-sim201-cd2-run4-geno-g93x3j	append-metabolites(into sim-time analysis)	160	288	436295132	ptools_metabolites,ptools_overview,ptools_proteins,ptools_rna,ptools_rxns	s3://smsvpctest-shared-sharedbucket60d199d6-abfvwv0day91/vecoli-output/sim201-cd2-run4-genotype2-minimal-4x8-post301-96b27f38-sim201-ba1a/analyses/analysis-mnp-sim201-cd2-run4-geno-g93x3j/	cd2fill-run4-percell	explicit: carina_run4_genotype*_simData.cPickle
run4min-pathway	3	sim201-cd2-run4-genotype3-minimal-4x8-post301-96b27f38-sim201-2453			analysis-mnp-sim201-cd2-run4-geno-wj74ku	append-metabolites(into sim-time analysis)	160	288	438565221	ptools_metabolites,ptools_overview,ptools_proteins,ptools_rna,ptools_rxns	s3://smsvpctest-shared-sharedbucket60d199d6-abfvwv0day91/vecoli-output/sim201-cd2-run4-genotype3-minimal-4x8-post301-96b27f38-sim201-2453/analyses/analysis-mnp-sim201-cd2-run4-geno-wj74ku/	cd2fill-run4-percell	explicit: carina_run4_genotype*_simData.cPickle
run4min-pathway	4	sim201-cd2-run4-genotype4-minimal-4x8-post301-96b27f38-sim201-c85b			analysis-mnp-sim201-cd2-run4-geno-qiw1qa	append-metabolites(into sim-time analysis)	160	288	439993817	ptools_metabolites,ptools_overview,ptools_proteins,ptools_rna,ptools_rxns	s3://smsvpctest-shared-sharedbucket60d199d6-abfvwv0day91/vecoli-output/sim201-cd2-run4-genotype4-minimal-4x8-post301-96b27f38-sim201-c85b/analyses/analysis-mnp-sim201-cd2-run4-geno-qiw1qa/	cd2fill-run4-percell	explicit: carina_run4_genotype*_simData.cPickle
run4min-pathway	5	sim201-cd2-run4-genotype5-minimal-4x8-post301-96b27f38-sim201-2593			analysis-mnp-sim201-cd2-run4-geno-okn0gh	append-metabolites(into sim-time analysis)	162	304	784296643	ptools_metabolites,ptools_overview,ptools_overview_multigeneration,ptools_proteins,ptools_rna,ptools_rxns	s3://smsvpctest-shared-sharedbucket60d199d6-abfvwv0day91/vecoli-output/sim201-cd2-run4-genotype5-minimal-4x8-post301-96b27f38-sim201-2593/analyses/analysis-mnp-sim201-cd2-run4-geno-okn0gh/	cd2fill-run4-percell	explicit: carina_run4_genotype*_simData.cPickle
run4min-pathway	6	sim201-cd2-run4-genotype6-minimal-4x8-post301-96b27f38-sim201-a51e			analysis-percellfill	dedicated-fill	60	60	115617135	ptools_metabolites,ptools_overview,ptools_proteins,ptools_rna,ptools_rxns	s3://smsvpctest-shared-sharedbucket60d199d6-abfvwv0day91/vecoli-output/sim201-cd2-run4-genotype6-minimal-4x8-post301-96b27f38-sim201-a51e/analyses/analysis-percellfill/	cd2fill-run4-percell	explicit: carina_run4_genotype*_simData.cPickle
run4min-pathway	7	sim201-cd2-run4-genotype7-minimal-4x8-post301-96b27f38-sim201-1060			analysis-mnp-sim201-cd2-run4-geno-uje6db	append-metabolites(into sim-time analysis)	160	288	436776684	ptools_metabolites,ptools_overview,ptools_proteins,ptools_rna,ptools_rxns	s3://smsvpctest-shared-sharedbucket60d199d6-abfvwv0day91/vecoli-output/sim201-cd2-run4-genotype7-minimal-4x8-post301-96b27f38-sim201-1060/analyses/analysis-mnp-sim201-cd2-run4-geno-uje6db/	cd2fill-run4-percell	explicit: carina_run4_genotype*_simData.cPickle
run4min-pathway	8	sim201-cd2-run4-genotype8-minimal-4x8-post301-96b27f38-sim201-fb7e			analysis-mnp-sim201-cd2-run4-geno-nx105p	append-metabolites(into sim-time analysis)	160	288	432914846	ptools_metabolites,ptools_overview,ptools_proteins,ptools_rna,ptools_rxns	s3://smsvpctest-shared-sharedbucket60d199d6-abfvwv0day91/vecoli-output/sim201-cd2-run4-genotype8-minimal-4x8-post301-96b27f38-sim201-fb7e/analyses/analysis-mnp-sim201-cd2-run4-geno-nx105p/	cd2fill-run4-percell	explicit: carina_run4_genotype*_simData.cPickle
run4min-pathway	9	sim201-cd2-run4-genotype9-minimal-4x8-post301-96b27f38-sim201-1217			analysis-mnp-sim201-cd2-run4-geno-33cwvx	append-metabolites(into sim-time analysis)	160	287	442289794	ptools_metabolites,ptools_overview,ptools_proteins,ptools_rna,ptools_rxns	s3://smsvpctest-shared-sharedbucket60d199d6-abfvwv0day91/vecoli-output/sim201-cd2-run4-genotype9-minimal-4x8-post301-96b27f38-sim201-1217/analyses/analysis-mnp-sim201-cd2-run4-geno-33cwvx/	cd2fill-run4-percell	explicit: carina_run4_genotype*_simData.cPickle
run4min-pathway	10	sim201-cd2-run4-genotype10-minimal-4x8-post301-96b27f38-sim201-a36b			analysis-mnp-sim201-cd2-run4-geno-u44k9i	append-metabolites(into sim-time analysis)	160	288	441046674	ptools_metabolites,ptools_overview,ptools_proteins,ptools_rna,ptools_rxns	s3://smsvpctest-shared-sharedbucket60d199d6-abfvwv0day91/vecoli-output/sim201-cd2-run4-genotype10-minimal-4x8-post301-96b27f38-sim201-a36b/analyses/analysis-mnp-sim201-cd2-run4-geno-u44k9i/	cd2fill-run4-percell	explicit: carina_run4_genotype*_simData.cPickle
run4min-pathway	11	sim201-cd2-run4-genotype11-minimal-4x8-post301-96b27f38-sim201-da0a			analysis-mnp-sim201-cd2-run4-geno-dmy6yw	append-metabolites(into sim-time analysis)	160	288	435429335	ptools_metabolites,ptools_overview,ptools_proteins,ptools_rna,ptools_rxns	s3://smsvpctest-shared-sharedbucket60d199d6-abfvwv0day91/vecoli-output/sim201-cd2-run4-genotype11-minimal-4x8-post301-96b27f38-sim201-da0a/analyses/analysis-mnp-sim201-cd2-run4-geno-dmy6yw/	cd2fill-run4-percell	explicit: carina_run4_genotype*_simData.cPickle
run4min-pathway	12	sim201-cd2-run4-genotype12-minimal-4x8-post301-96b27f38-sim201-aaf7			analysis-percellfill	dedicated-fill	160	160	307178313	ptools_metabolites,ptools_overview,ptools_proteins,ptools_rna,ptools_rxns	s3://smsvpctest-shared-sharedbucket60d199d6-abfvwv0day91/vecoli-output/sim201-cd2-run4-genotype12-minimal-4x8-post301-96b27f38-sim201-aaf7/analyses/analysis-percellfill/	cd2fill-run4-percell	explicit: carina_run4_genotype*_simData.cPickle
run4min-pathway	13	sim201-cd2-run4-genotype13-minimal-4x8-post301-96b27f38-sim201-0e7a			analysis-mnp-sim201-cd2-run4-geno-pq06v3	append-metabolites(into sim-time analysis)	160	288	440281727	ptools_metabolites,ptools_overview,ptools_proteins,ptools_rna,ptools_rxns	s3://smsvpctest-shared-sharedbucket60d199d6-abfvwv0day91/vecoli-output/sim201-cd2-run4-genotype13-minimal-4x8-post301-96b27f38-sim201-0e7a/analyses/analysis-mnp-sim201-cd2-run4-geno-pq06v3/	cd2fill-run4-percell	explicit: carina_run4_genotype*_simData.cPickle
run4min-pathway	14	sim201-cd2-run4-genotype14-minimal-4x8-post301-96b27f38-sim201-35a0			analysis-mnp-sim201-cd2-run4-geno-zsfwex	append-metabolites(into sim-time analysis)	160	288	435336213	ptools_metabolites,ptools_overview,ptools_proteins,ptools_rna,ptools_rxns	s3://smsvpctest-shared-sharedbucket60d199d6-abfvwv0day91/vecoli-output/sim201-cd2-run4-genotype14-minimal-4x8-post301-96b27f38-sim201-35a0/analyses/analysis-mnp-sim201-cd2-run4-geno-zsfwex/	cd2fill-run4-percell	explicit: carina_run4_genotype*_simData.cPickle
run4min-pathway	15	sim201-cd2-run4-genotype15-minimal-4x8-post301-96b27f38-sim201-b84a			analysis-percellfill	dedicated-fill	160	160	307418908	ptools_metabolites,ptools_overview,ptools_proteins,ptools_rna,ptools_rxns	s3://smsvpctest-shared-sharedbucket60d199d6-abfvwv0day91/vecoli-output/sim201-cd2-run4-genotype15-minimal-4x8-post301-96b27f38-sim201-b84a/analyses/analysis-percellfill/	cd2fill-run4-percell	explicit: carina_run4_genotype*_simData.cPickle
run4min-pathway	16	sim201-cd2-run4-genotype16-minimal-4x8-post301-96b27f38-sim201-ca9d			analysis-mnp-sim201-cd2-run4-geno-rr2gdu	append-metabolites(into sim-time analysis)	160	288	424814469	ptools_metabolites,ptools_overview,ptools_proteins,ptools_rna,ptools_rxns	s3://smsvpctest-shared-sharedbucket60d199d6-abfvwv0day91/vecoli-output/sim201-cd2-run4-genotype16-minimal-4x8-post301-96b27f38-sim201-ca9d/analyses/analysis-mnp-sim201-cd2-run4-geno-rr2gdu/	cd2fill-run4-percell	explicit: carina_run4_genotype*_simData.cPickle
run4min-pathway	17	sim201-cd2-run4-genotype17-minimal-4x8-post301-96b27f38-sim201-d1d4			analysis-mnp-sim201-cd2-run4-geno-jpxrgt	append-metabolites(into sim-time analysis)	164	305	800793541	ptools_metabolites,ptools_overview,ptools_overview_multigeneration,ptools_proteins,ptools_rna,ptools_rna_multigeneration,ptools_rxns	s3://smsvpctest-shared-sharedbucket60d199d6-abfvwv0day91/vecoli-output/sim201-cd2-run4-genotype17-minimal-4x8-post301-96b27f38-sim201-d1d4/analyses/analysis-mnp-sim201-cd2-run4-geno-jpxrgt/	cd2fill-run4-percell	explicit: carina_run4_genotype*_simData.cPickle
run4min-pathway	18	sim201-cd2-run4-genotype18-minimal-4x8-post301-96b27f38-sim201-03a6			analysis-mnp-sim201-cd2-run4-geno-eau3qr	append-metabolites(into sim-time analysis)	163	304	798515855	ptools_metabolites,ptools_overview,ptools_overview_multigeneration,ptools_proteins,ptools_rna,ptools_rxns	s3://smsvpctest-shared-sharedbucket60d199d6-abfvwv0day91/vecoli-output/sim201-cd2-run4-genotype18-minimal-4x8-post301-96b27f38-sim201-03a6/analyses/analysis-mnp-sim201-cd2-run4-geno-eau3qr/	cd2fill-run4-percell	explicit: carina_run4_genotype*_simData.cPickle
run4min-pathway	19	sim201-cd2-run4-genotype19-minimal-4x8-post301-96b27f38-sim201-9a9d			analysis-mnp-sim201-cd2-run4-geno-9hig56	append-metabolites(into sim-time analysis)	160	288	435172957	ptools_metabolites,ptools_overview,ptools_proteins,ptools_rna,ptools_rxns	s3://smsvpctest-shared-sharedbucket60d199d6-abfvwv0day91/vecoli-output/sim201-cd2-run4-genotype19-minimal-4x8-post301-96b27f38-sim201-9a9d/analyses/analysis-mnp-sim201-cd2-run4-geno-9hig56/	cd2fill-run4-percell	explicit: carina_run4_genotype*_simData.cPickle
run4min-pathway	20	sim201-cd2-run4-genotype20-minimal-4x8-post301-96b27f38-sim201-2264			analysis-mnp-sim201-cd2-run4-geno-p0bc3q	append-metabolites(into sim-time analysis)	160	288	440254582	ptools_metabolites,ptools_overview,ptools_proteins,ptools_rna,ptools_rxns	s3://smsvpctest-shared-sharedbucket60d199d6-abfvwv0day91/vecoli-output/sim201-cd2-run4-genotype20-minimal-4x8-post301-96b27f38-sim201-2264/analyses/analysis-mnp-sim201-cd2-run4-geno-p0bc3q/	cd2fill-run4-percell	explicit: carina_run4_genotype*_simData.cPickle
run4min-pathway	21	sim201-cd2-run4-genotype21-minimal-4x8-post301-96b27f38-sim201-241b			analysis-mnp-sim201-cd2-run4-geno-jqljin	append-metabolites(into sim-time analysis)	160	287	439731643	ptools_metabolites,ptools_overview,ptools_proteins,ptools_rna,ptools_rxns	s3://smsvpctest-shared-sharedbucket60d199d6-abfvwv0day91/vecoli-output/sim201-cd2-run4-genotype21-minimal-4x8-post301-96b27f38-sim201-241b/analyses/analysis-mnp-sim201-cd2-run4-geno-jqljin/	cd2fill-run4-percell	explicit: carina_run4_genotype*_simData.cPickle
run4min-pathway	22	sim201-cd2-run4-genotype22-minimal-4x8-post301-96b27f38-sim201-f214			analysis-mnp-sim201-cd2-run4-geno-9ty0an	append-metabolites(into sim-time analysis)	160	288	441603186	ptools_metabolites,ptools_overview,ptools_proteins,ptools_rna,ptools_rxns	s3://smsvpctest-shared-sharedbucket60d199d6-abfvwv0day91/vecoli-output/sim201-cd2-run4-genotype22-minimal-4x8-post301-96b27f38-sim201-f214/analyses/analysis-mnp-sim201-cd2-run4-geno-9ty0an/	cd2fill-run4-percell	explicit: carina_run4_genotype*_simData.cPickle
run4min-pathway	23	sim201-cd2-run4-genotype23-minimal-4x8-post301-96b27f38-sim201-8914			analysis-mnp-sim201-cd2-run4-geno-fp0u2u	append-metabolites(into sim-time analysis)	160	288	430795838	ptools_metabolites,ptools_overview,ptools_proteins,ptools_rna,ptools_rxns	s3://smsvpctest-shared-sharedbucket60d199d6-abfvwv0day91/vecoli-output/sim201-cd2-run4-genotype23-minimal-4x8-post301-96b27f38-sim201-8914/analyses/analysis-mnp-sim201-cd2-run4-geno-fp0u2u/	cd2fill-run4-percell	explicit: carina_run4_genotype*_simData.cPickle
run4min-pathway	24	sim201-cd2-run4-genotype24-minimal-4x8-post301-96b27f38-sim201-f20f			analysis-mnp-sim201-cd2-run4-geno-cbal8z	append-metabolites(into sim-time analysis)	160	288	425394008	ptools_metabolites,ptools_overview,ptools_proteins,ptools_rna,ptools_rxns	s3://smsvpctest-shared-sharedbucket60d199d6-abfvwv0day91/vecoli-output/sim201-cd2-run4-genotype24-minimal-4x8-post301-96b27f38-sim201-f20f/analyses/analysis-mnp-sim201-cd2-run4-geno-cbal8z/	cd2fill-run4-percell	explicit: carina_run4_genotype*_simData.cPickle
run4min-pathway	25	sim201-cd2-run4-genotype25-minimal-4x8-post301-96b27f38-sim201-b7a2			analysis-mnp-sim201-cd2-run4-geno-kbx8qj	append-metabolites(into sim-time analysis)	160	288	439506463	ptools_metabolites,ptools_overview,ptools_proteins,ptools_rna,ptools_rxns	s3://smsvpctest-shared-sharedbucket60d199d6-abfvwv0day91/vecoli-output/sim201-cd2-run4-genotype25-minimal-4x8-post301-96b27f38-sim201-b7a2/analyses/analysis-mnp-sim201-cd2-run4-geno-kbx8qj/	cd2fill-run4-percell	explicit: carina_run4_genotype*_simData.cPickle
run4min-pathway	26	sim201-cd2-run4-genotype26-minimal-4x8-post301-96b27f38-sim201-db08			analysis-mnp-sim201-cd2-run4-geno-d9b0hh	append-metabolites(into sim-time analysis)	160	288	446462726	ptools_metabolites,ptools_overview,ptools_proteins,ptools_rna,ptools_rxns	s3://smsvpctest-shared-sharedbucket60d199d6-abfvwv0day91/vecoli-output/sim201-cd2-run4-genotype26-minimal-4x8-post301-96b27f38-sim201-db08/analyses/analysis-mnp-sim201-cd2-run4-geno-d9b0hh/	cd2fill-run4-percell	explicit: carina_run4_genotype*_simData.cPickle
run4min-pathway	27	sim201-cd2-run4-genotype27-minimal-4x8-post301-96b27f38-sim201-cf86			analysis-mnp-sim201-cd2-run4-geno-gn3ma8	append-metabolites(into sim-time analysis)	160	288	434916763	ptools_metabolites,ptools_overview,ptools_proteins,ptools_rna,ptools_rxns	s3://smsvpctest-shared-sharedbucket60d199d6-abfvwv0day91/vecoli-output/sim201-cd2-run4-genotype27-minimal-4x8-post301-96b27f38-sim201-cf86/analyses/analysis-mnp-sim201-cd2-run4-geno-gn3ma8/	cd2fill-run4-percell	explicit: carina_run4_genotype*_simData.cPickle
run4min-pathway	28	sim201-cd2-run4-genotype28-minimal-4x8-post301-96b27f38-sim201-a91c			analysis-mnp-sim201-cd2-run4-geno-8jzx34	append-metabolites(into sim-time analysis)	160	288	439318462	ptools_metabolites,ptools_overview,ptools_proteins,ptools_rna,ptools_rxns	s3://smsvpctest-shared-sharedbucket60d199d6-abfvwv0day91/vecoli-output/sim201-cd2-run4-genotype28-minimal-4x8-post301-96b27f38-sim201-a91c/analyses/analysis-mnp-sim201-cd2-run4-geno-8jzx34/	cd2fill-run4-percell	explicit: carina_run4_genotype*_simData.cPickle
run4min-pathway	29	sim201-cd2-run4-genotype29-minimal-4x8-post301-96b27f38-sim201-264d			analysis-mnp-sim201-cd2-run4-geno-fr7rq4	append-metabolites(into sim-time analysis)	160	288	438290768	ptools_metabolites,ptools_overview,ptools_proteins,ptools_rna,ptools_rxns	s3://smsvpctest-shared-sharedbucket60d199d6-abfvwv0day91/vecoli-output/sim201-cd2-run4-genotype29-minimal-4x8-post301-96b27f38-sim201-264d/analyses/analysis-mnp-sim201-cd2-run4-geno-fr7rq4/	cd2fill-run4-percell	explicit: carina_run4_genotype*_simData.cPickle
run4min-pathway	30	sim201-cd2-run4-genotype30-minimal-4x8-post301-96b27f38-sim201-4c2d			analysis-mnp-sim201-cd2-run4-geno-039qih	append-metabolites(into sim-time analysis)	160	288	446816502	ptools_metabolites,ptools_overview,ptools_proteins,ptools_rna,ptools_rxns	s3://smsvpctest-shared-sharedbucket60d199d6-abfvwv0day91/vecoli-output/sim201-cd2-run4-genotype30-minimal-4x8-post301-96b27f38-sim201-4c2d/analyses/analysis-mnp-sim201-cd2-run4-geno-039qih/	cd2fill-run4-percell	explicit: carina_run4_genotype*_simData.cPickle
run4min-pathway	31	sim201-cd2-run4-genotype31-minimal-4x8-post301-96b27f38-sim201-265c			analysis-mnp-sim201-cd2-run4-geno-njhdoy	append-metabolites(into sim-time analysis)	160	288	435323465	ptools_metabolites,ptools_overview,ptools_proteins,ptools_rna,ptools_rxns	s3://smsvpctest-shared-sharedbucket60d199d6-abfvwv0day91/vecoli-output/sim201-cd2-run4-genotype31-minimal-4x8-post301-96b27f38-sim201-265c/analyses/analysis-mnp-sim201-cd2-run4-geno-njhdoy/	cd2fill-run4-percell	explicit: carina_run4_genotype*_simData.cPickle
run4min-pathway	32	sim201-cd2-run4-genotype32-minimal-4x8-post301-96b27f38-sim201-1fbc			analysis-mnp-sim201-cd2-run4-geno-rfwwzv	append-metabolites(into sim-time analysis)	160	288	438921107	ptools_metabolites,ptools_overview,ptools_proteins,ptools_rna,ptools_rxns	s3://smsvpctest-shared-sharedbucket60d199d6-abfvwv0day91/vecoli-output/sim201-cd2-run4-genotype32-minimal-4x8-post301-96b27f38-sim201-1fbc/analyses/analysis-mnp-sim201-cd2-run4-geno-rfwwzv/	cd2fill-run4-percell	explicit: carina_run4_genotype*_simData.cPickle
run4min-pathway	33	sim201-cd2-run4-genotype33-minimal-4x8-post301-96b27f38-sim201-758c			analysis-mnp-sim201-cd2-run4-geno-u1suwg	append-metabolites(into sim-time analysis)	160	288	430636217	ptools_metabolites,ptools_overview,ptools_proteins,ptools_rna,ptools_rxns	s3://smsvpctest-shared-sharedbucket60d199d6-abfvwv0day91/vecoli-output/sim201-cd2-run4-genotype33-minimal-4x8-post301-96b27f38-sim201-758c/analyses/analysis-mnp-sim201-cd2-run4-geno-u1suwg/	cd2fill-run4-percell	explicit: carina_run4_genotype*_simData.cPickle
run4min-pathway	34	sim201-cd2-run4-genotype34-minimal-4x8-post301-96b27f38-sim201-265b			analysis-mnp-sim201-cd2-run4-geno-9hrno8	append-metabolites(into sim-time analysis)	160	288	443845335	ptools_metabolites,ptools_overview,ptools_proteins,ptools_rna,ptools_rxns	s3://smsvpctest-shared-sharedbucket60d199d6-abfvwv0day91/vecoli-output/sim201-cd2-run4-genotype34-minimal-4x8-post301-96b27f38-sim201-265b/analyses/analysis-mnp-sim201-cd2-run4-geno-9hrno8/	cd2fill-run4-percell	explicit: carina_run4_genotype*_simData.cPickle
run4min-pathway	35	sim201-cd2-run4-genotype35-minimal-4x8-post301-96b27f38-sim201-8290			analysis-mnp-sim201-cd2-run4-geno-uwm2hy	append-metabolites(into sim-time analysis)	160	287	435741864	ptools_metabolites,ptools_overview,ptools_proteins,ptools_rna,ptools_rxns	s3://smsvpctest-shared-sharedbucket60d199d6-abfvwv0day91/vecoli-output/sim201-cd2-run4-genotype35-minimal-4x8-post301-96b27f38-sim201-8290/analyses/analysis-mnp-sim201-cd2-run4-geno-uwm2hy/	cd2fill-run4-percell	explicit: carina_run4_genotype*_simData.cPickle
run4min-pathway	36	sim201-cd2-run4-genotype36-minimal-4x8-post301-96b27f38-sim201-6fc4			analysis-mnp-sim201-cd2-run4-geno-ubz35k	append-metabolites(into sim-time analysis)	160	288	436565797	ptools_metabolites,ptools_overview,ptools_proteins,ptools_rna,ptools_rxns	s3://smsvpctest-shared-sharedbucket60d199d6-abfvwv0day91/vecoli-output/sim201-cd2-run4-genotype36-minimal-4x8-post301-96b27f38-sim201-6fc4/analyses/analysis-mnp-sim201-cd2-run4-geno-ubz35k/	cd2fill-run4-percell	explicit: carina_run4_genotype*_simData.cPickle
run4min-pathway	37	sim201-cd2-run4-genotype37-minimal-4x8-post301-96b27f38-sim201-32b3			analysis-mnp-sim201-cd2-run4-geno-y7na5r	append-metabolites(into sim-time analysis)	160	288	431417624	ptools_metabolites,ptools_overview,ptools_proteins,ptools_rna,ptools_rxns	s3://smsvpctest-shared-sharedbucket60d199d6-abfvwv0day91/vecoli-output/sim201-cd2-run4-genotype37-minimal-4x8-post301-96b27f38-sim201-32b3/analyses/analysis-mnp-sim201-cd2-run4-geno-y7na5r/	cd2fill-run4-percell	explicit: carina_run4_genotype*_simData.cPickle
run4min-pathway	38	sim201-cd2-run4-genotype38-minimal-4x8-post301-96b27f38-sim201-6b83			analysis-percellfill	dedicated-fill	20	20	37386156	ptools_metabolites,ptools_overview,ptools_proteins,ptools_rna,ptools_rxns	s3://smsvpctest-shared-sharedbucket60d199d6-abfvwv0day91/vecoli-output/sim201-cd2-run4-genotype38-minimal-4x8-post301-96b27f38-sim201-6b83/analyses/analysis-percellfill/	cd2fill-run4-percell	explicit: carina_run4_genotype*_simData.cPickle
run4min-pathway	39	sim201-cd2-run4-genotype39-minimal-4x8-post301-96b27f38-sim201-b00d			analysis-mnp-sim201-cd2-run4-geno-4thhov	append-metabolites(into sim-time analysis)	163	307	782049246	cd1_exchange_fluxes,ptools_metabolites,ptools_overview,ptools_overview_multiseed,ptools_proteins,ptools_rna,ptools_rxns,ptools_rxns_multiseed	s3://smsvpctest-shared-sharedbucket60d199d6-abfvwv0day91/vecoli-output/sim201-cd2-run4-genotype39-minimal-4x8-post301-96b27f38-sim201-b00d/analyses/analysis-mnp-sim201-cd2-run4-geno-4thhov/	cd2fill-run4-percell	explicit: carina_run4_genotype*_simData.cPickle
run4min-pathway	40	sim201-cd2-run4-genotype40-minimal-4x8-post301-96b27f38-sim201-7aee			analysis-mnp-sim201-cd2-run4-geno-q1nnul	append-metabolites(into sim-time analysis)	160	288	435581668	ptools_metabolites,ptools_overview,ptools_proteins,ptools_rna,ptools_rxns	s3://smsvpctest-shared-sharedbucket60d199d6-abfvwv0day91/vecoli-output/sim201-cd2-run4-genotype40-minimal-4x8-post301-96b27f38-sim201-7aee/analyses/analysis-mnp-sim201-cd2-run4-geno-q1nnul/	cd2fill-run4-percell	explicit: carina_run4_genotype*_simData.cPickle
run4min-pathway	41	sim201-cd2-run4-genotype41-minimal-4x8-post301-96b27f38-sim201-9c9c			analysis-mnp-sim201-cd2-run4-geno-f4o2yi	append-metabolites(into sim-time analysis)	160	288	424365327	ptools_metabolites,ptools_overview,ptools_proteins,ptools_rna,ptools_rxns	s3://smsvpctest-shared-sharedbucket60d199d6-abfvwv0day91/vecoli-output/sim201-cd2-run4-genotype41-minimal-4x8-post301-96b27f38-sim201-9c9c/analyses/analysis-mnp-sim201-cd2-run4-geno-f4o2yi/	cd2fill-run4-percell	explicit: carina_run4_genotype*_simData.cPickle
run4min-pathway	42	sim201-cd2-run4-genotype42-minimal-4x8-post301-96b27f38-sim201-7558			analysis-mnp-sim201-cd2-run4-geno-kpmep2	append-metabolites(into sim-time analysis)	160	288	445593916	ptools_metabolites,ptools_overview,ptools_proteins,ptools_rna,ptools_rxns	s3://smsvpctest-shared-sharedbucket60d199d6-abfvwv0day91/vecoli-output/sim201-cd2-run4-genotype42-minimal-4x8-post301-96b27f38-sim201-7558/analyses/analysis-mnp-sim201-cd2-run4-geno-kpmep2/	cd2fill-run4-percell	explicit: carina_run4_genotype*_simData.cPickle
run4trp-native	1	sim204-cd2-run4-native-design1-withtrp-trpfix-4x8-bbfc					0	0	0				explicit: same base
run4trp-native	2	sim204-cd2-run4-native-design2-withtrp-trpfix-4x8-74e3					0	0	0				explicit: same base
run4trp-native	3	sim204-cd2-run4-native-design3-withtrp-trpfix-4x8-bd8f					0	0	0				explicit: same base
run4trp-native	4	sim204-cd2-run4-native-design4-withtrp-trpfix-4x8-a479					0	0	0				explicit: same base
run4trp-native	5	sim204-cd2-run4-native-design5-withtrp-trpfix-4x8-e09a					0	0	0				explicit: same base
run4trp-native	6	sim204-cd2-run4-native-design6-withtrp-trpfix-4x8-6d06					0	0	0				explicit: same base
run4trp-native	7	sim204-cd2-run4-native-design7-withtrp-trpfix-4x8-30ce					0	0	0				explicit: same base
run4trp-native	8	sim204-cd2-run4-native-design8-withtrp-trpfix-4x8-53b8					0	0	0				explicit: same base
run4trp-native	9	sim204-cd2-run4-native-design9-withtrp-trpfix-4x8-7779					0	0	0				explicit: same base
run4trp-native	10	sim204-cd2-run4-native-design10-withtrp-trpfix-4x8-5827					0	0	0				explicit: same base
run4trp-native	11	sim204-cd2-run4-native-design11-withtrp-trpfix-4x8-6443					0	0	0				explicit: same base
run4trp-native	12	sim204-cd2-run4-native-design12-withtrp-trpfix-4x8-1528					0	0	0				explicit: same base
run4trp-native	13	sim204-cd2-run4-native-design13-withtrp-trpfix-4x8-6584					0	0	0				explicit: same base
run4trp-native	14	sim204-cd2-run4-native-design14-withtrp-trpfix-4x8-2ef5					0	0	0				explicit: same base
run4trp-native	15	sim204-cd2-run4-native-design15-withtrp-trpfix-4x8-739a					0	0	0				explicit: same base
run4trp-native	16	sim204-cd2-run4-native-design16-withtrp-trpfix-4x8-ddc9					0	0	0				explicit: same base
run4trp-pathway	1	sim204-cd2-run4-genotype1-withtrp-trpfix-4x8-3778					0	0	0				explicit: same base (+Trp is runtime media)
run4trp-pathway	2	sim204-cd2-run4-genotype2-withtrp-trpfix-4x8-a800					0	0	0				explicit: same base (+Trp is runtime media)
run4trp-pathway	3	sim204-cd2-run4-genotype3-withtrp-trpfix-4x8-f5a3					0	0	0				explicit: same base (+Trp is runtime media)
run4trp-pathway	4	sim204-cd2-run4-genotype4-withtrp-trpfix-4x8-c16b					0	0	0				explicit: same base (+Trp is runtime media)
run4trp-pathway	5	sim204-cd2-run4-genotype5-withtrp-trpfix-4x8-a89d					0	0	0				explicit: same base (+Trp is runtime media)
run4trp-pathway	6	sim204-cd2-run4-genotype6-withtrp-trpfix-4x8-3cb9					0	0	0				explicit: same base (+Trp is runtime media)
run4trp-pathway	7	sim204-cd2-run4-genotype7-withtrp-trpfix-4x8-79f1					0	0	0				explicit: same base (+Trp is runtime media)
run4trp-pathway	8	sim204-cd2-run4-genotype8-withtrp-trpfix-4x8-955b					0	0	0				explicit: same base (+Trp is runtime media)
run4trp-pathway	9	sim204-cd2-run4-genotype9-withtrp-trpfix-4x8-94de					0	0	0				explicit: same base (+Trp is runtime media)
run4trp-pathway	10	sim204-cd2-run4-genotype10-withtrp-trpfix-4x8-5b64					0	0	0				explicit: same base (+Trp is runtime media)
run4trp-pathway	11	sim204-cd2-run4-genotype11-withtrp-trpfix-4x8-e31c					0	0	0				explicit: same base (+Trp is runtime media)
run4trp-pathway	12	sim204-cd2-run4-genotype12-withtrp-trpfix-4x8-0915					0	0	0				explicit: same base (+Trp is runtime media)
run4trp-pathway	13	sim204-cd2-run4-genotype13-withtrp-trpfix-4x8-b022					0	0	0				explicit: same base (+Trp is runtime media)
run4trp-pathway	14	sim204-cd2-run4-genotype14-withtrp-trpfix-4x8-9114					0	0	0				explicit: same base (+Trp is runtime media)
run4trp-pathway	15	sim204-cd2-run4-genotype15-withtrp-trpfix-4x8-1130					0	0	0				explicit: same base (+Trp is runtime media)
run4trp-pathway	16	sim204-cd2-run4-genotype16-withtrp-trpfix-4x8-d09b					0	0	0				explicit: same base (+Trp is runtime media)
run4trp-pathway	17	sim204-cd2-run4-genotype17-withtrp-trpfix-4x8-43a6					0	0	0				explicit: same base (+Trp is runtime media)
run4trp-pathway	18	sim204-cd2-run4-genotype18-withtrp-trpfix-4x8-7007					0	0	0				explicit: same base (+Trp is runtime media)
run4trp-pathway	19	sim204-cd2-run4-genotype19-withtrp-trpfix-4x8-a4c5					0	0	0				explicit: same base (+Trp is runtime media)
run4trp-pathway	20	sim204-cd2-run4-genotype20-withtrp-trpfix-4x8-a1ee					0	0	0				explicit: same base (+Trp is runtime media)
run4trp-pathway	21	sim204-cd2-run4-genotype21-withtrp-trpfix-4x8-3629					0	0	0				explicit: same base (+Trp is runtime media)
run4trp-pathway	22	sim204-cd2-run4-genotype22-withtrp-trpfix-4x8-138d					0	0	0				explicit: same base (+Trp is runtime media)
run4trp-pathway	22	sim204-cd2-run4-genotype22-withtrp-trpfix-4x8-c9c1					0	0	0				explicit: same base (+Trp is runtime media)
run4trp-pathway	23	sim204-cd2-run4-genotype23-withtrp-trpfix-4x8-23bd					0	0	0				explicit: same base (+Trp is runtime media)
run4trp-pathway	24	sim204-cd2-run4-genotype24-withtrp-trpfix-4x8-01cb					0	0	0				explicit: same base (+Trp is runtime media)
run4trp-pathway	25	sim204-cd2-run4-genotype25-withtrp-trpfix-4x8-6912					0	0	0				explicit: same base (+Trp is runtime media)
run4trp-pathway	26	sim204-cd2-run4-genotype26-withtrp-trpfix-4x8-c0c8					0	0	0				explicit: same base (+Trp is runtime media)
run4trp-pathway	27	sim204-cd2-run4-genotype27-withtrp-trpfix-4x8-4b0a					0	0	0				explicit: same base (+Trp is runtime media)
run4trp-pathway	28	sim204-cd2-run4-genotype28-withtrp-trpfix-4x8-8cf7					0	0	0				explicit: same base (+Trp is runtime media)
run4trp-pathway	29	sim204-cd2-run4-genotype29-withtrp-trpfix-4x8-3b6e					0	0	0				explicit: same base (+Trp is runtime media)
run4trp-pathway	30	sim204-cd2-run4-genotype30-withtrp-trpfix-4x8-6196					0	0	0				explicit: same base (+Trp is runtime media)
run4trp-pathway	31	sim204-cd2-run4-genotype31-withtrp-trpfix-4x8-0efd					0	0	0				explicit: same base (+Trp is runtime media)
run4trp-pathway	32	sim204-cd2-run4-genotype32-withtrp-trpfix-4x8-488a					0	0	0				explicit: same base (+Trp is runtime media)
run4trp-pathway	32	sim204-cd2-run4-genotype32-withtrp-trpfix-4x8-c109					0	0	0				explicit: same base (+Trp is runtime media)
run4trp-pathway	33	sim204-cd2-run4-genotype33-withtrp-trpfix-4x8-4ba7					0	0	0				explicit: same base (+Trp is runtime media)
run4trp-pathway	34	sim204-cd2-run4-genotype34-withtrp-trpfix-4x8-f22e					0	0	0				explicit: same base (+Trp is runtime media)
run4trp-pathway	35	sim204-cd2-run4-genotype35-withtrp-trpfix-4x8-0794					0	0	0				explicit: same base (+Trp is runtime media)
run4trp-pathway	36	sim204-cd2-run4-genotype36-withtrp-trpfix-4x8-07b2					0	0	0				explicit: same base (+Trp is runtime media)
run4trp-pathway	37	sim204-cd2-run4-genotype37-withtrp-trpfix-4x8-005c					0	0	0				explicit: same base (+Trp is runtime media)
run4trp-pathway	38	sim204-cd2-run4-genotype38-withtrp-trpfix-4x8-003a					0	0	0				explicit: same base (+Trp is runtime media)
run4trp-pathway	39	sim204-cd2-run4-genotype39-withtrp-trpfix-4x8-8af1					0	0	0				explicit: same base (+Trp is runtime media)
run4trp-pathway	40	sim204-cd2-run4-genotype40-withtrp-trpfix-4x8-6f2d					0	0	0				explicit: same base (+Trp is runtime media)
run4trp-pathway	41	sim204-cd2-run4-genotype41-withtrp-trpfix-4x8-bca4					0	0	0				explicit: same base (+Trp is runtime media)
run4trp-pathway	42	sim204-cd2-run4-genotype42-withtrp-trpfix-4x8-54e3					0	0	0				explicit: same base (+Trp is runtime media)
